epoch,time,train/box_loss,train/cls_loss,train/dfl_loss,metrics/precision(B),metrics/recall(B),metrics/mAP50(B),metrics/mAP50-95(B),val/box_loss,val/cls_loss,val/dfl_loss,lr/pg0,lr/pg1,lr/pg2
1,12.7422,1.20037,5.54797,0.91598,0.00033,0.1,0.00022,0.0002,1.0564,5.02884,0.86484,8e-05,8e-05,8e-05
2,23.9187,1.23505,5.14137,0.90162,0.00133,0.4,0.00613,0.0047,1.29181,4.9877,0.86134,0.000179406,0.000179406,0.000179406
3,34.4129,1.06549,4.1865,0.86094,0.00233,0.7,0.06328,0.05018,0.95135,5.05648,0.81412,0.000278152,0.000278152,0.000278152
4,45.1457,1.19501,3.68482,0.86294,0.003,0.9,0.09984,0.05013,1.12585,4.71974,0.82143,0.000376238,0.000376238,0.000376238
5,57.6579,1.07087,3.19579,0.83939,0.003,0.9,0.03679,0.01507,0.9843,4.73404,0.83226,0.000473664,0.000473664,0.000473664
6,68.1414,0.98978,2.74789,0.8055,0.003,0.9,0.03454,0.01077,0.84082,4.69088,0.81704,0.00057043,0.00057043,0.00057043
7,78.0317,1.19261,2.90331,0.87822,0.00333,1,0.00715,0.00281,0.89108,4.70372,0.82585,0.000666536,0.000666536,0.000666536
8,88.5503,1.00675,2.88219,0.85697,0.003,0.9,0.0066,0.00283,0.93169,4.63075,0.82523,0.000761982,0.000761982,0.000761982
9,98.7384,0.98831,2.42804,0.8378,0.003,0.9,0.00703,0.00303,0.9082,4.55528,0.82139,0.000856768,0.000856768,0.000856768
10,108.858,0.98236,2.49738,0.83504,0.003,0.9,0.00547,0.0021,0.93724,4.64343,0.82108,0.000950894,0.000950894,0.000950894
11,118.948,1.02381,2.70528,0.83757,0.003,0.9,0.00484,0.0031,1.01344,4.50682,0.83505,0.00104436,0.00104436,0.00104436
12,129.406,1.03139,2.23368,0.86305,0.003,0.9,0.00647,0.00357,0.89556,4.31357,0.84554,0.00113717,0.00113717,0.00113717
13,140.191,0.8706,1.97836,0.83939,0.003,0.9,0.00505,0.00337,0.86716,4.35615,0.85255,0.00122931,0.00122931,0.00122931
14,151.56,0.89819,1.99569,0.83883,0.003,0.9,0.00505,0.00337,0.86716,4.35615,0.85255,0.0013208,0.0013208,0.0013208
15,162.149,0.90435,2.04,0.8606,0.00333,1,0.10807,0.08068,0.91693,4.087,0.85812,0.00141162,0.00141162,0.00141162
16,172.948,0.89647,1.81831,0.85351,0.39801,0.2,0.20369,0.16224,1.00579,3.93587,0.89394,0.00150179,0.00150179,0.00150179
17,183.405,0.97924,1.7709,0.86614,0.00333,1,0.15015,0.1291,1.01325,3.90938,0.86398,0.0015913,0.0015913,0.0015913
18,193.601,0.8162,2.03735,0.82223,0.00333,1,0.15015,0.1291,1.01325,3.90938,0.86398,0.00168014,0.00168014,0.00168014
19,203.791,0.76706,1.53617,0.81875,0.00701,0.7,0.35357,0.27201,1.01048,3.84495,0.86785,0.00176833,0.00176833,0.00176833
20,214.184,0.83967,1.88765,0.83415,1,0.28665,0.89573,0.6391,0.94217,3.21057,0.87533,0.00185585,0.00185585,0.00185585
21,224.557,0.92644,1.94995,0.84229,1,0.28665,0.89573,0.6391,0.94217,3.21057,0.87533,0.001868,0.001868,0.001868
22,235.868,0.89393,1.92983,0.84222,1,0.37825,0.89571,0.67246,0.95439,3.02471,0.86313,0.0018614,0.0018614,0.0018614
23,246.78,0.8609,1.6395,0.82376,1,0.30226,0.87568,0.65999,0.90222,3.20441,0.85603,0.0018548,0.0018548,0.0018548
24,257.079,0.79016,1.72966,0.8166,1,0.30226,0.87568,0.65999,0.90222,3.20441,0.85603,0.0018482,0.0018482,0.0018482
25,267.841,0.8263,1.73643,0.83076,0.98484,1,0.995,0.75465,0.91309,2.30172,0.87425,0.0018416,0.0018416,0.0018416
26,277.9,0.81293,1.58228,0.80603,0.98484,1,0.995,0.75465,0.91309,2.30172,0.87425,0.001835,0.001835,0.001835
27,288.324,0.96902,1.83671,0.83869,0.98994,1,0.995,0.67645,0.9931,2.01955,0.87726,0.0018284,0.0018284,0.0018284
28,298.634,0.90631,1.4582,0.83083,0.99169,1,0.995,0.69808,0.91386,1.80362,0.86477,0.0018218,0.0018218,0.0018218
29,308.916,0.95039,1.66649,0.81554,0.99169,1,0.995,0.69808,0.91386,1.80362,0.86477,0.0018152,0.0018152,0.0018152
30,319.419,0.92154,1.62105,0.81821,1,0.99345,0.995,0.72636,0.90672,1.70373,0.86596,0.0018086,0.0018086,0.0018086
31,329.938,0.86776,1.83931,0.85646,0.9858,0.9,0.97833,0.7416,0.8491,1.73649,0.86624,0.001802,0.001802,0.001802
32,340.513,0.83861,1.5933,0.8311,0.9858,0.9,0.97833,0.7416,0.8491,1.73649,0.86624,0.0017954,0.0017954,0.0017954
33,350.861,0.80064,1.5135,0.78544,1,0.99496,0.995,0.69333,0.87847,1.43895,0.86759,0.0017888,0.0017888,0.0017888
34,361.07,0.82015,1.34838,0.84145,1,0.99496,0.995,0.69333,0.87847,1.43895,0.86759,0.0017822,0.0017822,0.0017822
35,373.481,0.82803,1.25467,0.80558,0.99369,1,0.995,0.69717,0.81235,1.3688,0.85392,0.0017756,0.0017756,0.0017756
36,384.942,0.74682,1.33713,0.8323,0.99354,1,0.995,0.78734,0.79901,1.39055,0.86173,0.001769,0.001769,0.001769
37,395.97,0.93187,1.44827,0.82341,0.99354,1,0.995,0.78734,0.79901,1.39055,0.86173,0.0017624,0.0017624,0.0017624
38,405.83,0.79207,1.24568,0.79144,0.98992,1,0.995,0.77975,0.86925,1.54434,0.86979,0.0017558,0.0017558,0.0017558
39,416.388,0.72626,1.24806,0.82209,0.98564,1,0.995,0.75959,0.90634,1.72454,0.85951,0.0017492,0.0017492,0.0017492
40,426.933,0.74939,1.33846,0.83396,0.98564,1,0.995,0.75959,0.90634,1.72454,0.85951,0.0017426,0.0017426,0.0017426
41,439.636,0.73519,1.28549,0.83117,0.99346,1,0.995,0.80614,0.83205,1.49542,0.85795,0.001736,0.001736,0.001736
42,450.47,0.69643,1.28935,0.80373,0.99346,1,0.995,0.80614,0.83205,1.49542,0.85795,0.0017294,0.0017294,0.0017294
43,461.115,0.79015,1.1935,0.83128,0.99359,1,0.995,0.79079,0.79256,1.26985,0.85643,0.0017228,0.0017228,0.0017228
44,470.637,0.78636,1.31629,0.79368,0.99398,1,0.995,0.8347,0.75219,1.2298,0.85183,0.0017162,0.0017162,0.0017162
45,481.212,0.81615,1.14718,0.78928,0.99398,1,0.995,0.8347,0.75219,1.2298,0.85183,0.0017096,0.0017096,0.0017096
46,491.04,0.82426,1.21287,0.8497,0.99444,1,0.995,0.80355,0.77676,1.14522,0.85382,0.001703,0.001703,0.001703
47,501.901,0.68772,1.07358,0.80439,0.99369,1,0.995,0.79549,0.80285,1.15152,0.85928,0.0016964,0.0016964,0.0016964
48,516.202,0.72948,1.12621,0.83428,0.99369,1,0.995,0.79549,0.80285,1.15152,0.85928,0.0016898,0.0016898,0.0016898
49,526.857,0.71095,1.1123,0.78349,0.9933,1,0.995,0.77446,0.84511,1.11748,0.86423,0.0016832,0.0016832,0.0016832
50,537.633,0.72331,1.06148,0.78399,0.9933,1,0.995,0.77446,0.84511,1.11748,0.86423,0.0016766,0.0016766,0.0016766
51,553.421,0.80348,1.0737,0.76391,0.9942,1,0.995,0.78682,0.84424,1.14491,0.85819,0.00167,0.00167,0.00167
52,568.916,0.74133,1.07669,0.83033,0.99394,1,0.995,0.7911,0.8172,1.15798,0.84582,0.0016634,0.0016634,0.0016634
53,584.75,0.88226,1.12684,0.81878,0.99394,1,0.995,0.7911,0.8172,1.15798,0.84582,0.0016568,0.0016568,0.0016568
54,597.069,0.7451,0.97844,0.81811,0.99267,1,0.995,0.80481,0.76595,1.1941,0.84461,0.0016502,0.0016502,0.0016502
55,608.878,0.88946,1.20409,0.7974,0.99637,1,0.995,0.83887,0.73953,1.30756,0.84827,0.0016436,0.0016436,0.0016436
56,621.854,0.67968,1.05923,0.83015,0.99637,1,0.995,0.83887,0.73953,1.30756,0.84827,0.001637,0.001637,0.001637
57,632.722,0.73303,1.02709,0.81553,0.9931,1,0.995,0.80069,0.77344,1.23093,0.86073,0.0016304,0.0016304,0.0016304
58,642.75,0.805,1.19396,0.82495,0.9931,1,0.995,0.80069,0.77344,1.23093,0.86073,0.0016238,0.0016238,0.0016238
59,652.457,0.71984,1.07313,0.81115,0.99115,1,0.995,0.83954,0.70529,1.0782,0.85877,0.0016172,0.0016172,0.0016172
60,662.168,0.8579,1.20414,0.8031,0.99584,1,0.995,0.82246,0.76565,1.05189,0.85385,0.0016106,0.0016106,0.0016106
61,672.521,0.77395,1.04397,0.82768,0.99584,1,0.995,0.82246,0.76565,1.05189,0.85385,0.001604,0.001604,0.001604
62,681.594,0.69154,0.91572,0.8119,0.99666,1,0.995,0.83571,0.66985,0.97204,0.84918,0.0015974,0.0015974,0.0015974
63,690.656,0.70597,0.9889,0.81146,0.99543,1,0.995,0.83507,0.67912,1.00094,0.84991,0.0015908,0.0015908,0.0015908
64,700.822,0.74537,0.87418,0.7896,0.99543,1,0.995,0.83507,0.67912,1.00094,0.84991,0.0015842,0.0015842,0.0015842
65,711.93,0.78694,0.95991,0.83601,0.99432,1,0.995,0.82665,0.71122,0.94046,0.84695,0.0015776,0.0015776,0.0015776
66,722.683,0.76524,0.86983,0.82522,0.99432,1,0.995,0.82665,0.71122,0.94046,0.84695,0.001571,0.001571,0.001571
67,732.252,0.69166,0.83898,0.81279,0.9948,1,0.995,0.83126,0.70276,0.95465,0.84572,0.0015644,0.0015644,0.0015644
68,745.667,0.66261,0.98424,0.80859,0.99451,1,0.995,0.81349,0.72063,0.92395,0.85495,0.0015578,0.0015578,0.0015578
69,757.406,0.68639,0.8868,0.81647,0.99451,1,0.995,0.81349,0.72063,0.92395,0.85495,0.0015512,0.0015512,0.0015512
70,770.215,0.66373,0.94989,0.79817,0.99312,1,0.995,0.79076,0.73705,0.97785,0.86338,0.0015446,0.0015446,0.0015446
71,782.159,0.7391,0.89834,0.80781,0.9931,1,0.995,0.80366,0.77428,0.99388,0.87089,0.001538,0.001538,0.001538
72,792.594,0.63626,0.86899,0.81562,0.9931,1,0.995,0.80366,0.77428,0.99388,0.87089,0.0015314,0.0015314,0.0015314
73,803.522,0.69124,0.94824,0.81902,0.9924,1,0.995,0.81824,0.74775,0.95064,0.85762,0.0015248,0.0015248,0.0015248
74,814.154,0.62612,0.78652,0.82402,0.9924,1,0.995,0.81824,0.74775,0.95064,0.85762,0.0015182,0.0015182,0.0015182
75,825.592,0.74058,0.94684,0.86716,0.99377,1,0.995,0.81896,0.66628,0.85556,0.84853,0.0015116,0.0015116,0.0015116
76,836.974,0.79994,0.88604,0.82196,0.99439,1,0.995,0.82427,0.65506,0.85379,0.84279,0.001505,0.001505,0.001505
77,848.432,0.74156,0.87745,0.80825,0.99439,1,0.995,0.82427,0.65506,0.85379,0.84279,0.0014984,0.0014984,0.0014984
78,859.52,0.67764,0.74493,0.81467,0.99375,1,0.995,0.85374,0.66786,0.79809,0.83849,0.0014918,0.0014918,0.0014918
79,870.802,0.66612,0.87983,0.84051,0.99388,1,0.995,0.84023,0.741,0.80578,0.8435,0.0014852,0.0014852,0.0014852
80,881.782,0.68974,0.85797,0.81458,0.99388,1,0.995,0.84023,0.741,0.80578,0.8435,0.0014786,0.0014786,0.0014786
81,893.105,0.68535,0.75344,0.81586,0.99328,1,0.995,0.83857,0.78021,0.81304,0.84888,0.001472,0.001472,0.001472
82,903.386,0.71525,0.83773,0.81218,0.99328,1,0.995,0.83857,0.78021,0.81304,0.84888,0.0014654,0.0014654,0.0014654
83,914.011,0.62092,0.75891,0.8094,0.99231,1,0.995,0.80347,0.71052,0.80687,0.84949,0.0014588,0.0014588,0.0014588
84,926.021,0.70504,0.79189,0.80244,0.99039,1,0.995,0.808,0.74155,0.84844,0.85475,0.0014522,0.0014522,0.0014522
85,936.872,0.59759,0.78035,0.78964,0.99039,1,0.995,0.808,0.74155,0.84844,0.85475,0.0014456,0.0014456,0.0014456
86,947.699,0.60065,0.75797,0.82434,0.99287,1,0.995,0.83339,0.69804,0.79069,0.85125,0.001439,0.001439,0.001439
87,958.399,0.58677,0.71763,0.78938,0.99289,1,0.995,0.84398,0.71596,0.74977,0.84825,0.0014324,0.0014324,0.0014324
88,969.041,0.6054,0.68908,0.80427,0.99289,1,0.995,0.84398,0.71596,0.74977,0.84825,0.0014258,0.0014258,0.0014258
89,979.795,0.64533,0.71436,0.813,0.99478,1,0.995,0.8029,0.75091,0.73384,0.84365,0.0014192,0.0014192,0.0014192
90,990.651,0.60497,0.7762,0.79374,0.99478,1,0.995,0.8029,0.75091,0.73384,0.84365,0.0014126,0.0014126,0.0014126
91,1001.26,0.64468,0.7501,0.8097,0.99386,1,0.995,0.82229,0.74726,0.73938,0.84289,0.001406,0.001406,0.001406
92,1011.36,0.62127,0.74629,0.79003,0.99331,1,0.995,0.80802,0.72683,0.77963,0.84343,0.0013994,0.0013994,0.0013994
93,1022.37,0.66515,0.72947,0.78244,0.99331,1,0.995,0.80802,0.72683,0.77963,0.84343,0.0013928,0.0013928,0.0013928
94,1032.2,0.54295,0.72607,0.78128,0.9941,1,0.995,0.82146,0.71005,0.7892,0.84314,0.0013862,0.0013862,0.0013862
95,1041.85,0.55209,0.67207,0.79978,0.99578,1,0.995,0.81336,0.74569,0.75119,0.84797,0.0013796,0.0013796,0.0013796
96,1051.56,0.70617,0.66131,0.80984,0.99578,1,0.995,0.81336,0.74569,0.75119,0.84797,0.001373,0.001373,0.001373
97,1061.46,0.70839,0.76232,0.8314,0.99544,1,0.995,0.82217,0.72144,0.75206,0.84972,0.0013664,0.0013664,0.0013664
98,1071.36,0.63535,0.64716,0.80224,0.99544,1,0.995,0.82217,0.72144,0.75206,0.84972,0.0013598,0.0013598,0.0013598
99,1081.27,0.57336,0.68366,0.80863,0.99545,1,0.995,0.82395,0.63235,0.74484,0.84398,0.0013532,0.0013532,0.0013532
100,1091.07,0.66186,0.7076,0.77742,0.99686,1,0.995,0.83865,0.5846,0.73513,0.84363,0.0013466,0.0013466,0.0013466
101,1101.05,0.62204,0.61326,0.83082,0.99686,1,0.995,0.83865,0.5846,0.73513,0.84363,0.00134,0.00134,0.00134
102,1110.67,0.531,0.6003,0.79946,0.99691,1,0.995,0.85654,0.59816,0.73556,0.84221,0.0013334,0.0013334,0.0013334
103,1120.44,0.65375,0.70443,0.81574,0.9954,1,0.995,0.85937,0.65224,0.69649,0.84042,0.0013268,0.0013268,0.0013268
104,1130.18,0.56776,0.60614,0.78738,0.9954,1,0.995,0.85937,0.65224,0.69649,0.84042,0.0013202,0.0013202,0.0013202
105,1139.99,0.59363,0.5941,0.80125,0.99425,1,0.995,0.85904,0.64576,0.65587,0.84132,0.0013136,0.0013136,0.0013136
106,1149.45,0.61078,0.66415,0.80148,0.99425,1,0.995,0.85904,0.64576,0.65587,0.84132,0.001307,0.001307,0.001307
107,1158.93,0.62577,0.64885,0.7713,0.99462,1,0.995,0.86065,0.67578,0.65325,0.84443,0.0013004,0.0013004,0.0013004
108,1168.68,0.58943,0.69239,0.78831,0.99406,1,0.995,0.83181,0.70475,0.67882,0.84614,0.0012938,0.0012938,0.0012938
109,1178.47,0.58792,0.60879,0.80463,0.99406,1,0.995,0.83181,0.70475,0.67882,0.84614,0.0012872,0.0012872,0.0012872
110,1188.03,0.58021,0.60838,0.79761,0.99424,1,0.995,0.82049,0.70337,0.66085,0.84374,0.0012806,0.0012806,0.0012806
111,1197.66,0.64683,0.63605,0.80164,0.99363,1,0.995,0.82778,0.7079,0.68049,0.84324,0.001274,0.001274,0.001274
112,1207.3,0.60556,0.60626,0.78807,0.99363,1,0.995,0.82778,0.7079,0.68049,0.84324,0.0012674,0.0012674,0.0012674
113,1217.12,0.5354,0.56453,0.82521,0.99319,1,0.995,0.84381,0.66211,0.69796,0.84213,0.0012608,0.0012608,0.0012608
114,1226.72,0.59028,0.61233,0.83859,0.99319,1,0.995,0.84381,0.66211,0.69796,0.84213,0.0012542,0.0012542,0.0012542
115,1236.4,0.58324,0.59712,0.80126,0.99337,1,0.995,0.85684,0.62289,0.73459,0.83944,0.0012476,0.0012476,0.0012476
116,1246.19,0.57337,0.57165,0.798,0.99392,1,0.995,0.8593,0.63586,0.6979,0.83885,0.001241,0.001241,0.001241
117,1255.64,0.55398,0.57277,0.80205,0.99392,1,0.995,0.8593,0.63586,0.6979,0.83885,0.0012344,0.0012344,0.0012344
118,1265.26,0.56511,0.54431,0.84618,0.99477,1,0.995,0.82827,0.68774,0.64087,0.84229,0.0012278,0.0012278,0.0012278
119,1274.88,0.64803,0.60638,0.80705,0.99479,1,0.995,0.84879,0.68657,0.64067,0.84564,0.0012212,0.0012212,0.0012212
120,1284.43,0.60511,0.60905,0.83923,0.99479,1,0.995,0.84879,0.68657,0.64067,0.84564,0.0012146,0.0012146,0.0012146
121,1294.12,0.48844,0.50096,0.79643,0.99466,1,0.995,0.8201,0.71051,0.64482,0.84808,0.001208,0.001208,0.001208
122,1303.75,0.58706,0.6016,0.76775,0.99466,1,0.995,0.8201,0.71051,0.64482,0.84808,0.0012014,0.0012014,0.0012014
123,1313.65,0.55864,0.5907,0.77753,0.99462,1,0.995,0.79723,0.69417,0.64423,0.8479,0.0011948,0.0011948,0.0011948
124,1323.22,0.53846,0.52094,0.78594,0.99438,1,0.995,0.8405,0.62797,0.63283,0.84046,0.0011882,0.0011882,0.0011882
125,1332.88,0.52001,0.58541,0.79134,0.99438,1,0.995,0.8405,0.62797,0.63283,0.84046,0.0011816,0.0011816,0.0011816
126,1342.69,0.61291,0.61457,0.7992,0.99404,1,0.995,0.87731,0.57442,0.61267,0.84078,0.001175,0.001175,0.001175
127,1352.71,0.58747,0.58132,0.7687,0.99378,1,0.995,0.86145,0.60367,0.56692,0.84483,0.0011684,0.0011684,0.0011684
128,1362.44,0.5452,0.53966,0.79033,0.99378,1,0.995,0.86145,0.60367,0.56692,0.84483,0.0011618,0.0011618,0.0011618
129,1372.94,0.66605,0.59975,0.77274,0.99386,1,0.995,0.83581,0.65814,0.61472,0.85275,0.0011552,0.0011552,0.0011552
130,1382.19,0.55749,0.56581,0.7814,0.99386,1,0.995,0.83581,0.65814,0.61472,0.85275,0.0011486,0.0011486,0.0011486
131,1391.6,0.53856,0.55941,0.80101,0.99424,1,0.995,0.83502,0.68462,0.62386,0.85369,0.001142,0.001142,0.001142
132,1400.99,0.59856,0.55851,0.77183,0.99461,1,0.995,0.84162,0.6883,0.61349,0.85143,0.0011354,0.0011354,0.0011354
133,1410.14,0.58047,0.55234,0.79246,0.99461,1,0.995,0.84162,0.6883,0.61349,0.85143,0.0011288,0.0011288,0.0011288
134,1419.55,0.56708,0.55791,0.80876,0.99313,1,0.995,0.85134,0.701,0.5798,0.84783,0.0011222,0.0011222,0.0011222
135,1428.87,0.57482,0.52143,0.79609,0.99416,1,0.995,0.87952,0.6883,0.56261,0.84463,0.0011156,0.0011156,0.0011156
136,1438.34,0.49317,0.47575,0.81979,0.99416,1,0.995,0.87952,0.6883,0.56261,0.84463,0.001109,0.001109,0.001109
137,1447.84,0.53234,0.50679,0.80897,0.99368,1,0.995,0.87221,0.64772,0.52811,0.84128,0.0011024,0.0011024,0.0011024
138,1457.07,0.50697,0.47581,0.8072,0.99368,1,0.995,0.87221,0.64772,0.52811,0.84128,0.0010958,0.0010958,0.0010958
139,1466.43,0.56376,0.50715,0.76726,0.9925,1,0.995,0.8979,0.5894,0.54381,0.83398,0.0010892,0.0010892,0.0010892
140,1475.78,0.51115,0.49032,0.76556,0.99225,1,0.995,0.89684,0.56846,0.57577,0.83555,0.0010826,0.0010826,0.0010826
141,1485.21,0.53014,0.51524,0.81157,0.99225,1,0.995,0.89684,0.56846,0.57577,0.83555,0.001076,0.001076,0.001076
142,1494.45,0.61028,0.5271,0.7937,0.99256,1,0.995,0.85709,0.59479,0.59191,0.8382,0.0010694,0.0010694,0.0010694
143,1503.8,0.57201,0.54479,0.76374,0.99338,1,0.995,0.88286,0.62982,0.5805,0.83638,0.0010628,0.0010628,0.0010628
144,1513.15,0.51277,0.54105,0.77672,0.99338,1,0.995,0.88286,0.62982,0.5805,0.83638,0.0010562,0.0010562,0.0010562
145,1522.86,0.5579,0.51706,0.78282,0.99442,1,0.995,0.89306,0.65448,0.53639,0.83455,0.0010496,0.0010496,0.0010496
146,1532.09,0.55052,0.55758,0.7814,0.99442,1,0.995,0.89306,0.65448,0.53639,0.83455,0.001043,0.001043,0.001043
147,1541.43,0.55925,0.49939,0.7673,0.99418,1,0.995,0.88748,0.59199,0.5391,0.83364,0.0010364,0.0010364,0.0010364
148,1551.09,0.56856,0.49384,0.80972,0.99362,1,0.995,0.89742,0.57825,0.56002,0.83767,0.0010298,0.0010298,0.0010298
149,1563.31,0.51239,0.47103,0.80843,0.99362,1,0.995,0.89742,0.57825,0.56002,0.83767,0.0010232,0.0010232,0.0010232
150,1574.59,0.57729,0.57096,0.81975,0.9936,1,0.995,0.89587,0.59695,0.55988,0.83676,0.0010166,0.0010166,0.0010166
151,1585.36,0.56178,0.51997,0.81,0.99362,1,0.995,0.87097,0.59625,0.5501,0.8362,0.00101,0.00101,0.00101
152,1595.6,0.48251,0.51604,0.79829,0.99362,1,0.995,0.87097,0.59625,0.5501,0.8362,0.0010034,0.0010034,0.0010034
153,1605.87,0.61768,0.53652,0.81358,0.99436,1,0.995,0.86426,0.61446,0.54229,0.83891,0.0009968,0.0009968,0.0009968
154,1616.71,0.49723,0.46002,0.79534,0.99436,1,0.995,0.86426,0.61446,0.54229,0.83891,0.0009902,0.0009902,0.0009902
155,1627.68,0.60996,0.53189,0.76915,0.99444,1,0.995,0.86688,0.62921,0.52657,0.84459,0.0009836,0.0009836,0.0009836
156,1638.19,0.52854,0.48776,0.76385,0.99463,1,0.995,0.85777,0.61554,0.53122,0.84481,0.000977,0.000977,0.000977
157,1649.08,0.53064,0.45953,0.80103,0.99463,1,0.995,0.85777,0.61554,0.53122,0.84481,0.0009704,0.0009704,0.0009704
158,1659.64,0.57327,0.49545,0.80173,0.99472,1,0.995,0.89132,0.57646,0.5233,0.83982,0.0009638,0.0009638,0.0009638
159,1670.07,0.52401,0.49599,0.75811,0.99469,1,0.995,0.89692,0.55434,0.49807,0.83436,0.0009572,0.0009572,0.0009572
160,1680.6,0.52496,0.49349,0.77103,0.99469,1,0.995,0.89692,0.55434,0.49807,0.83436,0.0009506,0.0009506,0.0009506
161,1691.35,0.48188,0.49679,0.81259,0.99462,1,0.995,0.87784,0.57505,0.48645,0.83387,0.000944,0.000944,0.000944
162,1702.25,0.48931,0.46482,0.79657,0.99462,1,0.995,0.87784,0.57505,0.48645,0.83387,0.0009374,0.0009374,0.0009374
163,1713.09,0.46813,0.47298,0.79711,0.99444,1,0.995,0.86939,0.58586,0.49079,0.83563,0.0009308,0.0009308,0.0009308
164,1723.56,0.56076,0.47851,0.80378,0.99456,1,0.995,0.84618,0.60856,0.51617,0.83882,0.0009242,0.0009242,0.0009242
165,1733.98,0.58962,0.52606,0.76005,0.99456,1,0.995,0.84618,0.60856,0.51617,0.83882,0.0009176,0.0009176,0.0009176
166,1744.76,0.5113,0.46829,0.80206,0.99463,1,0.995,0.84287,0.64459,0.51004,0.84584,0.000911,0.000911,0.000911
167,1755.75,0.49932,0.44758,0.79789,0.99502,1,0.995,0.83776,0.68406,0.50915,0.84704,0.0009044,0.0009044,0.0009044
168,1766.47,0.48841,0.4547,0.80367,0.99502,1,0.995,0.83776,0.68406,0.50915,0.84704,0.0008978,0.0008978,0.0008978
169,1777.15,0.48197,0.45402,0.81484,0.99439,1,0.995,0.85411,0.74165,0.5278,0.84617,0.0008912,0.0008912,0.0008912
170,1788.28,0.53169,0.45341,0.75903,0.99439,1,0.995,0.85411,0.74165,0.5278,0.84617,0.0008846,0.0008846,0.0008846
171,1799.16,0.52802,0.45962,0.83737,0.99433,1,0.995,0.85119,0.74349,0.55438,0.8461,0.000878,0.000878,0.000878
172,1809.83,0.5132,0.48998,0.81022,0.99443,1,0.995,0.87559,0.69805,0.55368,0.84714,0.0008714,0.0008714,0.0008714
173,1820.79,0.52308,0.49694,0.78578,0.99443,1,0.995,0.87559,0.69805,0.55368,0.84714,0.0008648,0.0008648,0.0008648
174,1833.02,0.51885,0.46681,0.80098,0.99476,1,0.995,0.86325,0.63772,0.51565,0.84519,0.0008582,0.0008582,0.0008582
175,1845.72,0.54608,0.4753,0.79992,0.99471,1,0.995,0.87037,0.61366,0.49126,0.84536,0.0008516,0.0008516,0.0008516
176,1856.48,0.52159,0.45204,0.77796,0.99471,1,0.995,0.87037,0.61366,0.49126,0.84536,0.000845,0.000845,0.000845
177,1867.09,0.56905,0.51902,0.76962,0.99461,1,0.995,0.86822,0.62579,0.49216,0.84186,0.0008384,0.0008384,0.0008384
178,1878.1,0.55449,0.45153,0.79748,0.99461,1,0.995,0.86822,0.62579,0.49216,0.84186,0.0008318,0.0008318,0.0008318
179,1889.04,0.4851,0.44091,0.809,0.99459,1,0.995,0.85509,0.63455,0.46974,0.83769,0.0008252,0.0008252,0.0008252
180,1899.9,0.49061,0.42538,0.788,0.99458,1,0.995,0.86529,0.64355,0.46721,0.83381,0.0008186,0.0008186,0.0008186
181,1910.64,0.49257,0.44262,0.77333,0.99458,1,0.995,0.86529,0.64355,0.46721,0.83381,0.000812,0.000812,0.000812
182,1922.07,0.50356,0.43915,0.83511,0.99479,1,0.995,0.8651,0.6187,0.47737,0.83041,0.0008054,0.0008054,0.0008054
183,1933.01,0.52677,0.43764,0.79076,0.99521,1,0.995,0.88576,0.60394,0.51828,0.8323,0.0007988,0.0007988,0.0007988
184,1943.7,0.61158,0.53221,0.78778,0.99521,1,0.995,0.88576,0.60394,0.51828,0.8323,0.0007922,0.0007922,0.0007922
185,1954.87,0.56721,0.4548,0.80618,0.99534,1,0.995,0.87588,0.62874,0.52256,0.83487,0.0007856,0.0007856,0.0007856
186,1965.79,0.51557,0.45094,0.80885,0.99534,1,0.995,0.87588,0.62874,0.52256,0.83487,0.000779,0.000779,0.000779
187,1976.39,0.49163,0.4657,0.77898,0.99521,1,0.995,0.84504,0.6633,0.51157,0.83847,0.0007724,0.0007724,0.0007724
188,1987.51,0.55335,0.46033,0.78152,0.9948,1,0.995,0.85851,0.65688,0.49548,0.84007,0.0007658,0.0007658,0.0007658
189,1998.14,0.46977,0.45397,0.79872,0.9948,1,0.995,0.85851,0.65688,0.49548,0.84007,0.0007592,0.0007592,0.0007592
190,2009.17,0.54755,0.44263,0.79417,0.99468,1,0.995,0.8489,0.65067,0.47652,0.84131,0.0007526,0.0007526,0.0007526
191,2020.06,0.48939,0.44517,0.80121,0.99498,1,0.995,0.8627,0.63852,0.48203,0.84335,0.000746,0.000746,0.000746
192,2030.75,0.46217,0.40229,0.76599,0.99498,1,0.995,0.8627,0.63852,0.48203,0.84335,0.0007394,0.0007394,0.0007394
193,2041.86,0.48701,0.40088,0.76426,0.99512,1,0.995,0.86881,0.6434,0.46703,0.84392,0.0007328,0.0007328,0.0007328
194,2052.71,0.48977,0.41227,0.78071,0.99512,1,0.995,0.86881,0.6434,0.46703,0.84392,0.0007262,0.0007262,0.0007262
195,2063.93,0.44709,0.39408,0.77384,0.99513,1,0.995,0.85856,0.63357,0.46779,0.84137,0.0007196,0.0007196,0.0007196
196,2074.87,0.52851,0.43705,0.79076,0.99496,1,0.995,0.8741,0.61397,0.45795,0.8357,0.000713,0.000713,0.000713
197,2085.78,0.46265,0.45243,0.78822,0.99496,1,0.995,0.8741,0.61397,0.45795,0.8357,0.0007064,0.0007064,0.0007064
198,2096.46,0.50798,0.44546,0.81449,0.99509,1,0.995,0.86586,0.62207,0.44579,0.83211,0.0006998,0.0006998,0.0006998
199,2107.41,0.48356,0.41902,0.80469,0.99526,1,0.995,0.86686,0.61039,0.46311,0.83363,0.0006932,0.0006932,0.0006932
200,2117.51,0.42538,0.39651,0.77719,0.99526,1,0.995,0.86686,0.61039,0.46311,0.83363,0.0006866,0.0006866,0.0006866
201,2128.4,0.46083,0.38279,0.77702,0.99572,1,0.995,0.88383,0.61261,0.47966,0.83507,0.00068,0.00068,0.00068
202,2138.72,0.46517,0.4131,0.78072,0.99572,1,0.995,0.88383,0.61261,0.47966,0.83507,0.0006734,0.0006734,0.0006734
203,2149,0.46583,0.4073,0.75467,0.99603,1,0.995,0.8894,0.60206,0.48531,0.83466,0.0006668,0.0006668,0.0006668
204,2160.26,0.52341,0.46043,0.77631,0.99596,1,0.995,0.89408,0.59073,0.47846,0.83334,0.0006602,0.0006602,0.0006602
205,2170.95,0.51355,0.4316,0.76049,0.99596,1,0.995,0.89408,0.59073,0.47846,0.83334,0.0006536,0.0006536,0.0006536
206,2181.64,0.46009,0.40896,0.78358,0.99559,1,0.995,0.88388,0.58249,0.4523,0.83209,0.000647,0.000647,0.000647
207,2192.83,0.52274,0.46185,0.76398,0.99544,1,0.995,0.87743,0.58569,0.4251,0.83238,0.0006404,0.0006404,0.0006404
208,2203.67,0.47813,0.41213,0.78115,0.99544,1,0.995,0.87743,0.58569,0.4251,0.83238,0.0006338,0.0006338,0.0006338
209,2214.41,0.46348,0.40384,0.78294,0.99523,1,0.995,0.8655,0.59381,0.44587,0.83622,0.0006272,0.0006272,0.0006272
210,2225.48,0.48137,0.41287,0.7611,0.99523,1,0.995,0.8655,0.59381,0.44587,0.83622,0.0006206,0.0006206,0.0006206
211,2236.14,0.4997,0.41578,0.8037,0.9951,1,0.995,0.86617,0.58965,0.44075,0.83751,0.000614,0.000614,0.000614
212,2247.02,0.57398,0.46298,0.81923,0.99492,1,0.995,0.87743,0.59078,0.43189,0.83577,0.0006074,0.0006074,0.0006074
213,2258.02,0.5535,0.44261,0.8004,0.99492,1,0.995,0.87743,0.59078,0.43189,0.83577,0.0006008,0.0006008,0.0006008
214,2268.77,0.50104,0.43274,0.8107,0.99496,1,0.995,0.87134,0.58981,0.42525,0.8332,0.0005942,0.0005942,0.0005942
215,2279.29,0.45285,0.39752,0.75583,0.99491,1,0.995,0.867,0.59717,0.42884,0.83285,0.0005876,0.0005876,0.0005876
216,2290.34,0.5116,0.39605,0.77258,0.99491,1,0.995,0.867,0.59717,0.42884,0.83285,0.000581,0.000581,0.000581
217,2303.29,0.48685,0.40765,0.78818,0.99495,1,0.995,0.88907,0.58945,0.42779,0.83415,0.0005744,0.0005744,0.0005744
218,2315.21,0.43242,0.40012,0.77598,0.99495,1,0.995,0.88907,0.58945,0.42779,0.83415,0.0005678,0.0005678,0.0005678
219,2326.49,0.46432,0.41706,0.78972,0.9949,1,0.995,0.85485,0.64122,0.44479,0.83704,0.0005612,0.0005612,0.0005612
220,2337.97,0.45376,0.38975,0.78359,0.99489,1,0.995,0.84197,0.67056,0.43089,0.83602,0.0005546,0.0005546,0.0005546
221,2350.57,0.46188,0.40231,0.79397,0.99489,1,0.995,0.84197,0.67056,0.43089,0.83602,0.000548,0.000548,0.000548
222,2363.09,0.43608,0.41451,0.75218,0.99486,1,0.995,0.84854,0.65584,0.42853,0.83147,0.0005414,0.0005414,0.0005414
223,2372.65,0.44565,0.36136,0.79367,0.99489,1,0.995,0.86782,0.62354,0.41344,0.82935,0.0005348,0.0005348,0.0005348
224,2383.2,0.42166,0.38934,0.78456,0.99489,1,0.995,0.86782,0.62354,0.41344,0.82935,0.0005282,0.0005282,0.0005282
225,2394.46,0.42901,0.39567,0.79112,0.99498,1,0.995,0.87434,0.60363,0.41752,0.83038,0.0005216,0.0005216,0.0005216
226,2404.99,0.45735,0.38545,0.79755,0.99498,1,0.995,0.87434,0.60363,0.41752,0.83038,0.000515,0.000515,0.000515
227,2416.35,0.40812,0.3808,0.76908,0.99498,1,0.995,0.88653,0.59926,0.41097,0.83305,0.0005084,0.0005084,0.0005084
228,2427.49,0.49934,0.40382,0.76719,0.99494,1,0.995,0.87954,0.60588,0.41305,0.83509,0.0005018,0.0005018,0.0005018
229,2438.24,0.42223,0.3862,0.77484,0.99494,1,0.995,0.87954,0.60588,0.41305,0.83509,0.0004952,0.0004952,0.0004952
230,2449.19,0.43474,0.3983,0.81759,0.99511,1,0.995,0.89087,0.59716,0.41432,0.83621,0.0004886,0.0004886,0.0004886
231,2460.2,0.38008,0.36158,0.78943,0.99507,1,0.995,0.88339,0.57977,0.40218,0.83539,0.000482,0.000482,0.000482
232,2471.35,0.42762,0.38173,0.76505,0.99507,1,0.995,0.88339,0.57977,0.40218,0.83539,0.0004754,0.0004754,0.0004754
233,2482.39,0.43471,0.40675,0.75107,0.99508,1,0.995,0.87273,0.59248,0.41502,0.83409,0.0004688,0.0004688,0.0004688
234,2494.12,0.44664,0.388,0.81338,0.99508,1,0.995,0.87273,0.59248,0.41502,0.83409,0.0004622,0.0004622,0.0004622
235,2506.2,0.48801,0.41548,0.76561,0.99519,1,0.995,0.86639,0.60461,0.41989,0.83438,0.0004556,0.0004556,0.0004556
236,2518.79,0.41068,0.37253,0.78714,0.99518,1,0.995,0.86582,0.61448,0.42206,0.83457,0.000449,0.000449,0.000449
237,2529.79,0.44257,0.37683,0.79901,0.99518,1,0.995,0.86582,0.61448,0.42206,0.83457,0.0004424,0.0004424,0.0004424
238,2540.84,0.41454,0.35638,0.76341,0.99512,1,0.995,0.86718,0.63255,0.4363,0.835,0.0004358,0.0004358,0.0004358
239,2552.18,0.43636,0.37592,0.73892,0.99511,1,0.995,0.88084,0.64703,0.43397,0.83621,0.0004292,0.0004292,0.0004292
